Year;Ticker;Price;PriceFiscal;PDRNG;PDRO;PDRTotal;PNG;PO;TPRNG;TPRO;TPRTotal
1985;HES;;;;;;;;;;
1986;HES;-0,137470991;-0,137470991;;;;;;;;
1987;HES;0,046280753;0,046280753;;;;;;;;
1988;HES;0,236124263;0,236124263;;;;;;;;
1989;HES;0,436717652;0,436717652;;;;;;;;
1990;HES;-0,049944677;-0,049944677;;;;;;;;
1991;HES;0,02396919;0,02396919;;;;;;;;
1992;HES;-0,032088315;-0,032088315;;;;;;;;
1993;HES;-0,01920498;-0,01920498;;;;;;;;
1994;HES;0,011019395;0,011019395;;;;;;;;
1995;HES;0,149836102;0,149836102;;;;;;;;
1996;HES;0,087993599;0,087993599;;;;;;;;
1997;HES;-0,053227641;-0,053227641;;;;;;;;
1998;HES;-0,098047408;-0,098047408;;;;;;;;
1999;HES;0,131645193;0,131645193;;;;;;;;
2000;HES;0,252659583;0,252659583;0,06601381;0,106888984;0,106869542;;;-0,025070951;0,073104258;0,073056542
2001;HES;-0,156148682;-0,156148682;-0,004926118;0,133316593;0,133256426;;;0,30342492;0,220529171;0,22056915
2002;HES;-0,126924694;-0,126924694;-0,106733199;-0,180818927;-0,180787718;;;-0,151089306;-0,1998566;-0,199831485
2003;HES;-0,034747536;-0,034747536;-0,005509656;-0,176930708;-0,176848988;;;-0,060321882;-0,191055237;-0,190981547
2004;HES;0,437848361;0,437848361;-0,139865539;-0,064395162;-0,064432871;;;0,028742469;0;1,75E-05
2005;HES;0,431426069;0,431426069;0,036651276;-0,03500941;-0,034973674;;;0,00249688;0,068786452;0,06874676
2006;HES;-0,939382946;-0,939382946;-0,006915126;0,011806513;0,011796928;0,024631787;0,184246485;0,024631787;0,184246485;0,184161042
2007;HES;0,710347605;0,710347605;0,056215624;0,195535896;0,195469935;0,078731723;0,061755204;0,078731723;0,061755204;0,061763658
2008;HES;-0,631438358;-0,631438358;0,042103971;0,097413967;0,097390224;;;0,038600639;0,091708426;0,091682451
2009;HES;0,120348307;0,120348307;0,07665041;0,037805189;0,037821727;;;0,017161665;-0,003097576;-0,00308783
2010;HES;0,235170115;0,235170115;-0,161187245;0,055752142;0,05566749;;;-0,082349514;0,132496731;0,132402771
2011;HES;-0,298277154;-0,298277154;-0,081564778;-0,009615459;-0,009639717;;;-0,069735476;0,057208735;0,057161994
2012;HES;-0,069999414;-0,069999414;0,006578971;0,084861994;0,084837509;;;-0,054273598;0,001709402;0,0016906
2013;HES;0,449303696;0,449303696;-0,094490843;-0,10931309;-0,1093086;;;-0,150164445;-0,055301496;-0,055331049
2014;HES;-0,11721091;-0,11721091;-0,188829172;0,004938282;0,004884521;;;-0,048764848;0,008089932;0,008073517
2015;HES;-0,420478356;-0,420478356;0,324273149;-0,043631081;-0,04351927;;;-0,190971298;-0,300597104;-0,300564596
1985;APA;;;;;;;;;;
1986;APA;-0,189242;-0,189242;;;;;;;;
1987;APA;-0,182321557;-0,182321557;;;;;;;;
1988;APA;0,048790164;0,048790164;;;;;;;;
1989;APA;0,84729786;0,84729786;;;;;;;;
1990;APA;-0,228258652;-0,228258652;;;;;;;;
1991;APA;0,082013152;0,082013152;;;;;;;;
1992;APA;0,166448208;0,166448208;;;;;;;;
1993;APA;0,220473323;0,220473323;;;;;;;;
1994;APA;0,06720875;0,06720875;;;;;;;;
1995;APA;0,165514438;0,165514438;;;;;;;;
1996;APA;0,174522864;0,174522864;;;;;;;;
1997;APA;-0,001795205;-0,001795205;;;;;;;;
1998;APA;-0,325819578;-0,325819578;;;;;;;;
1999;APA;0,37792895;0,37792895;;;;;;;;
2000;APA;0,640160406;0,640160406;0,352186587;0,158964075;0,159184262;0,238475301;0,232520633;0,363874327;0,229711825;0,229847206
2001;APA;-0,33976758;-0,33976758;0,184216155;0,151205645;0,151247698;0,302737748;0,248841058;0,168665305;0,137335827;0,137370141
2002;APA;0,133255693;0,133255693;0,00084738;0,006277278;0,006270265;-0,042483641;0,037832634;0,012234694;0,060491536;0,060439124
2003;APA;0,352807147;0,352807147;0,099211257;0,359584252;0,359288942;0,119198461;0,294624624;0,184457731;0,281619114;0,281520951
2004;APA;-0,472324446;-0,472324446;0,082127291;0,109891334;0,109864141;0,017376103;0,122479185;0,212084853;0,099355948;0,099470744
2005;APA;0,303767158;0,303767158;0,217051504;0,020966318;0,021175541;0,020251506;0,008203607;0,127556349;0,045994637;0,046086135
2006;APA;-0,029773361;-0,029773361;0,070656907;0,073724942;0,073721343;0,228999809;-0,041378622;0,092664221;0,083635412;0,083646006
2007;APA;0,480510559;0,480510559;0,039569231;0,086842743;0,086788658;0,122611142;0,103625471;0,046779166;0,066244939;0,066222216
2008;APA;-0,366661142;-0,366661142;0,062920606;-0,022222203;-0,022122912;-0,102070393;0,021651048;0,005612266;-0,047475701;-0,047412673
2009;APA;0,325176384;0,325176384;-0,080927672;-0,018709712;-0,018783094;0,080954255;0,090729348;-0,015400746;-0,012936367;-0,012939367
2010;APA;0,144676288;0,144676288;0,194700549;0,051505678;0,051681659;0,071284754;0,147465414;0,235581098;0,07641619;0,076625963
2011;APA;-0,274820963;-0,274820963;-0,01737177;0,002487563;0,002461628;0,180530959;0,051250885;-0,014776417;0,008643096;0,008610099
2012;APA;-0,143134813;-0,143134813;-0,069596746;0,025752496;0,025634895;0,016334737;0,037173121;-0,138597564;0,017910927;0,017709162
2013;APA;0,090550754;0,090550754;-0,169004148;-0,038252659;-0,038396752;-0,092240438;-0,017899935;-0,142755549;-0,044951388;-0,045062366
2014;APA;-0,315766514;-0,315766514;-0,215418694;-0,012951433;-0,013140537;-0,299521631;-0,078631487;-0,162284881;-0,051461767;-0,051575087
2015;APA;-0,34306806;-0,34306806;-0,285411711;-0,165508908;-0,165604134;-0,2380513;-0,092946113;-0,598098159;-0,303498089;-0,303744863
1985;CVX;;;;;;;;;;
1986;CVX;0,174091058;0,174091058;;;;;;;;
1987;CVX;-0,13550106;-0,13550106;;;;;;;;
1988;CVX;0,14373156;0,14373156;;;;;;;;
1989;CVX;0,392632668;0,392632668;;;;;;;;
1990;CVX;0,069484755;0,069484755;;;;;;;;
1991;CVX;-0,051202711;-0,051202711;;;;;;;;
1992;CVX;0,007220248;0,007220248;;;;;;;;
1993;CVX;0,226017117;0,226017117;;;;;;;;
1994;CVX;-0,669049629;-0,669049629;;;;;;;;
1995;CVX;0,160135138;0,160135138;;;;;;;;
1996;CVX;0,215957892;0,215957892;;;;;;;;
1997;CVX;0,169418152;0,169418152;;;;;;;;
1998;CVX;0,07428189;0,07428189;;;;;;;;
1999;CVX;0,043501145;0,043501145;;;;;;;;
2000;CVX;-0,025576842;-0,025576842;0,064431403;-0,016885408;-0,016856879;;;0,053323035;0,044360876;0,044363715
2001;CVX;0,059455305;0,059455305;0,597528973;0,543122836;0,543143261;;;0,709037841;0,533247822;0,533308981
2002;CVX;-0,29856577;-0,29856577;-0,039291439;-0,028897244;-0,028901232;;;-0,003871472;0,016752369;0,016744625
2003;CVX;0,261970778;0,261970778;0,104524982;0,036035276;0,036062336;;;0,043320036;-0,007992166;-0,007972599
2004;CVX;-0,497868301;-0,497868301;-0,079628686;-0,053032852;-0,053043581;;;-0,025888166;-0,075585084;-0,075565152
2005;CVX;0,07800439;0,07800439;0,146304476;0,000178555;0,000241184;;;0,174839165;0,003380708;0,003457598
2006;CVX;0,258685469;0,258685469;-0,140417503;-0,140467422;-0,140467399;;;-0,023749983;-0,024548873;-0,024548483
2007;CVX;0,238448113;0,238448113;0,008802809;-0,051650219;-0,051621511;;;-0,033052049;-0,096630549;-0,096598492
2008;CVX;-0,232481994;-0,232481994;0,027888518;0,072189833;0,072168626;;;0,041363853;0,036438193;0,036440763
2009;CVX;0,040015938;0,040015938;-0,047973995;-0,048246834;-0,048246706;;;0,121229599;-0,052654765;-0,052555449
2010;CVX;0,169927449;0,169927449;-0,069621048;-0,031326312;-0,031343907;;;-0,071521526;-0,069781939;-0,069783021
2011;CVX;0,153602584;0,153602584;-0,059070002;-0,067857012;-0,067853034;;;0,167846759;-0,007408585;-0,007289611
2012;CVX;0,016221107;0,016221107;0,010287894;-0,021693848;-0,021679071;;;0,017692849;0,004019795;0,004029983
2013;CVX;0,144166794;0,144166794;0,041667518;-0,041865447;-0,041824547;;;-0,00167978;-0,021207718;-0,021192924
2014;CVX;-0,107488754;-0,107488754;-0,007492502;0,021638415;0,021623762;;;-0,001029831;-0,01524565;-0,015234697
2015;CVX;-0,220739597;-0,220739597;0,243197797;0,045646146;0,045754409;;;0,010964535;0,002078172;0,002085098
1985;CLR;;;;;;;;;;
1986;CLR;;;;;;;;;;
1987;CLR;;;;;;;;;;
1988;CLR;;;;;;;;;;
1989;CLR;;;;;;;;;;
1990;CLR;;;;;;;;;;
1991;CLR;;;;;;;;;;
1992;CLR;;;;;;;;;;
1993;CLR;;;;;;;;;;
1994;CLR;;;;;;;;;;
1995;CLR;;;;;;;;;;
1996;CLR;;;;;;;;;;
1997;CLR;;;;;;;;;;
1998;CLR;;;;;;;;;;
2002;CLR;;;;;;;;;;
2003;CLR;;;-0,089743441;0,071159479;0,071108465;0,152648073;-0,095493924;-0,041613383;0,142874315;0,142843284
2004;CLR;;;;;;;;;;
2005;CLR;;;;;;;;;;
2006;CLR;;;0,260745297;0,055636981;0,055665867;0,024026168;0,270364092;0,119690651;-0,006172388;-0,006147892
2007;CLR;;;0,604024154;0,057013866;0,05712727;0,223382005;0,150975285;0,405582718;0,060429;0,060514377
2008;CLR;-0,232467404;-0,232467404;0,175433599;0,007880498;0,007929591;0,396757286;0,05021788;0,553988659;0,019907114;0,020113553
2009;CLR;0,728022023;0,728022023;0,100580194;0,058970221;0,058983742;0,230914573;0,09135672;0,460249735;0,48921751;0,489203267
2010;CLR;0,316353135;0,316353135;0,323788581;0,171987274;0,172041654;0,102704952;0,165010335;0,510152488;0,260231158;0,26036874
2011;CLR;0,125363033;0,125363033;0,431307919;0,35908928;0,359118195;0,426310246;0,331686814;0,264554932;0,372165333;0,372101861
2012;CLR;0,096794476;0,096794476;0,412089211;0,44747792;0,44746349;0,554941797;0,420192086;0,203791115;0,542706142;0,542545533
2013;CLR;0,425981641;0,425981641;0,343349685;0,205507571;0,205566773;0,317335868;0,333361814;0,437937275;0,273645105;0,273716194
2014;CLR;-1,076115734;-1,076115734;0,224016807;0,205326505;0,205335179;0,264518909;0,241129393;0,336182771;0,160644006;0,160734037
2015;CLR;-0,512390978;-0,512390978;0,212929316;-0,045868999;-0,045730647;0,363848071;0,183836241;0,080370988;-0,212486175;-0,212295928
1986;EGN;;;;;;;;;;
1987;EGN;-0,056797598;0,228392907;;;;;;;;
1988;EGN;0,281167391;0;;;;;;;;
1989;EGN;-0,236715629;-0,122374713;;;;;;;;
1990;EGN;-0,070769071;-0,160085415;;;;;;;;
1991;EGN;-0,068992871;0,006920443;;;;;;;;
1992;EGN;0,048790164;0;;;;;;;;
1993;EGN;0,15706189;0,311533288;;;;;;;;
1994;EGN;0,022989518;-0,09531018;;;;;;;;
1995;EGN;0,092206194;-0,033901552;;;;;;;;
1996;EGN;0,226247537;0,098440073;;;;;;;;
1997;EGN;0,273113657;0,393223822;;;;;;;;
1998;EGN;-0,712195376;-0,626838673;;;;;;;;
1999;EGN;-0,0765765;0,063715814;;;;;;;;
2000;EGN;0,577740213;0,384674338;;;;;;;;
2001;EGN;-0,266801278;-0,279313823;;;;;;;;
2002;EGN;0,165961274;0,257222865;;;;;;;;
2003;EGN;0,343565332;0,343565332;;;;;;;;
2004;EGN;0,362386121;0,362386121;;;;;;;;
2005;EGN;-0,484321073;-0,484321073;;;;;;;;
2006;EGN;0,256501637;0,256501637;;;;;;;;
2007;EGN;0,313600201;0,313600201;;;;;;;;
2008;EGN;-0,783859508;-0,783859508;;;;;;;;
2009;EGN;0,46727232;0,46727232;;;;;;;;
2010;EGN;0,030719857;0,030719857;;;;;;;;
2011;EGN;0,035419945;0,035419945;;;;;;;;
2012;EGN;-0,103362513;-0,103362513;;;;;;;;
2013;EGN;0,450492044;0,450492044;;;;;;;;
2014;EGN;-0,104026502;-0,104026502;;;;;;;;
2015;EGN;-0,4417979;-0,4417979;;;;;;;;
1985;EQT;;;;;;;;;;
1986;EQT;0,345646613;0,345646613;;;;;;;;
1987;EQT;-0,548829422;-0,548829422;;;;;;;;
1988;EQT;0,068729332;0,068729332;;;;;;;;
1989;EQT;0,203016148;0,203016148;;;;;;;;
1990;EQT;-0,088107268;-0,088107268;;;;;;;;
1991;EQT;0,072932469;0,072932469;;;;;;;;
1992;EQT;0,206491918;0,206491918;;;;;;;;
1993;EQT;-0,31627948;-0,31627948;;;;;;;;
1994;EQT;-0,300275255;-0,300275255;;;;;;;;
1995;EQT;0,141563564;0,141563564;;;;;;;;
1996;EQT;-0,049190244;-0,049190244;;;;;;;;
1997;EQT;0,173176224;0,173176224;;;;;;;;
1998;EQT;-0,194408444;-0,194408444;;;;;;;;
1999;EQT;0,136210205;0,136210205;;;;;;;;
2000;EQT;0,693147181;0,693147181;;;;;;;;
2001;EQT;-0,672537066;-0,672537066;;;;;;;;
2002;EQT;0,028073034;0,028073034;;;;;;;;
2003;EQT;0,202847652;0,202847652;;;;;;;;
2004;EQT;0,345946584;0,345946584;;;;;;;;
2005;EQT;-0,502780264;-0,502780264;;;;;;;;
2006;EQT;0,129195213;0,129195213;;;;;;;;
2007;EQT;0,243861575;0,243861575;;;;;;;;
2008;EQT;-0,462524163;-0,462524163;;;;;;;;
2009;EQT;0,269332934;0,269332934;;;;;;;;
2010;EQT;0,020730801;0,020730801;;;;;;;;
2011;EQT;0,200407097;0,200407097;;;;;;;;
2012;EQT;0,073690708;0,073690708;;;;;;;;
2013;EQT;0,42016383;0,42016383;;;;;;;;
2014;EQT;-0,170584073;-0,170584073;;;;;;;;
2015;EQT;-0,373037562;-0,373037562;;;;;;;;
1985;XOM;;;;;;;;;;
1986;XOM;0,24067603;0,24067603;;;;;;;;
1987;XOM;-0,609409129;-0,609409129;;;;;;;;
1988;XOM;0,143319399;0,143319399;;;;;;;;
1989;XOM;0,127833372;0,127833372;;;;;;;;
1990;XOM;0,034401427;0,034401427;;;;;;;;
1991;XOM;0,162398149;0,162398149;;;;;;;;
1992;XOM;0,004098366;0,004098366;;;;;;;;
1993;XOM;0,03219594;0,03219594;;;;;;;;
1994;XOM;-0,038349805;-0,038349805;;;;;;;;
1995;XOM;0,281490102;0,281490102;;;;;;;;
1996;XOM;0,196710294;0,196710294;;;;;;;;
1997;XOM;-0,47103273;-0,47103273;;;;;;;;
1998;XOM;0,178235557;0,178235557;;;;;;;;
1999;XOM;0,096862975;0,096862975;;;;;;;;
2000;XOM;0,076156189;0,076156189;0,037957866;0,010824248;0,010847342;;;-0,016509935;0,026380742;0,026345476
2001;XOM;-0,793964951;-0,793964951;-0,053903565;-0,017320021;-0,017351012;;;0,001430974;-0,006073244;-0,006067183
2002;XOM;-0,117592214;-0,117592214;-0,03615175;-0,001665279;-0,001693475;;;-0,004083685;0,028482667;0,028456687
2003;XOM;0,159939762;0,159939762;0,042019792;-0,00389647;-0,003858713;;;-0,017178914;0,021090413;0,021060945
2004;XOM;0,223338654;0,223338654;0,052811433;-0,051058491;-0,050966408;;;0,097235427;-0,102925021;-0,102757642
2005;XOM;0,091472086;0,091472086;0,134035206;-0,041036006;-0,04085745;;;0,102943828;-0,037694432;-0,037555118
2006;XOM;0,310605838;0,310605838;-0,034021559;0,053141456;0,053048656;;;0,009712496;0,033647333;0,033622221
2007;XOM;0,201002815;0,201002815;-0,036103611;0,032939458;0,032871475;;;0,010337151;0,020434938;0,020424523
2008;XOM;-0,160092086;-0,160092086;0,048626431;0,012406934;0,012442012;;;-0,035533517;0,080806506;0,080693783
2009;XOM;-0,157601447;-0,157601447;0,131790071;0,01648842;0,016608928;;;0,031790915;-0,030014512;-0,02995626
2010;XOM;0,069804001;0,069804001;0,158945885;0,03336993;0,033517971;;;0,147492693;0,001886469;0,002038792
2011;XOM;0,147721806;0,147721806;-0,060622435;-0,062686189;-0,062683598;;;-0,033453199;0,046449921;0,046363597
2012;XOM;0,020898548;0,020898548;-0,068309483;-0,205030452;-0,204846315;;;-0,028356067;-0,0779527;-0,077899932
2013;XOM;0,156376475;0,156376475;-0,028723049;0,250165333;0,249814605;;;-0,030574286;0,038928239;0,038855015
2014;XOM;-0,090430799;-0,090430799;-0,025362965;0,009080046;0,009043123;;;-0,035726685;0,035583809;0,035513783
2015;XOM;-0,170600362;-0,170600362;-0,063940799;0,237423664;0,237149468;;;-0,141154645;0,082350386;0,082160608
1985;RRC;;;;;;;;;;
1986;RRC;-0,693147181;-0,693147181;;;;;;;;
1987;RRC;0,877070019;0,877070019;;;;;;;;
1988;RRC;;;;;;;;;;
1989;RRC;;;;;;;;;;
1990;RRC;;;;;;;;;;
1991;RRC;0,31918074;0,31918074;;;;;;;;
1992;RRC;2,514032605;2,514032605;;;;;;;;
1993;RRC;0,534082486;0,534082486;;;;;;;;
1994;RRC;-0,053109825;-0,053109825;;;;;;;;
1995;RRC;0,349375641;0,349375641;;;;;;;;
1996;RRC;0,563272099;0,563272099;;;;;;;;
1997;RRC;-0,052446475;-0,052446475;;;;;;;;
1998;RRC;-1,553348446;-1,553348446;;;;;;;;
1999;RRC;-0,075507553;-0,075507553;;;;;;;;
2000;RRC;0,768654733;0,768654733;0,021017508;-0,038125362;-0,03795583;-0,213530988;-0,099100174;-0,036990849;-0,102792033;-0,102617924
2001;RRC;-0,412764411;-0,412764411;-0,101930563;-0,202020559;-0,201709868;0,029744022;-0,060256139;-0,09495319;-0,229054766;-0,228662525
2002;RRC;0,171271721;0,171271721;0,148033101;0,199752523;0,199588112;-0,028356063;-0,022698256;0,123989696;0,104286386;0,104348564
2003;RRC;0,559615788;0,559615788;0,072164363;0,371836555;0,371034129;0,057080004;0,077040135;0,099656137;0,36379921;0,363059158
2004;RRC;0,772457019;0,772457019;0,521853334;0,106624168;0,107805979;0,15337133;0,216670446;0,6656574;0,144740779;0,146413345
2005;RRC;0,252616936;0,252616936;0,222962157;0,175412181;0,175581433;0,216836089;0,187640594;0,173207795;0,205902018;0,205769618
2006;RRC;0,041641704;0,041641704;0,188674607;0,133599512;0,133805839;0,177843575;0,04167943;0,243698736;0,135696262;0,136150544
2007;RRC;0,626129259;0,626129259;0,268230522;0,219481224;0,21967354;0,174253549;0,061270132;0,243997065;0,216061726;0,216187399
2008;RRC;-0,401093835;-0,401093835;0,156009063;0,041537255;0,042027299;0,243736249;-0,085443188;0,188752539;0,095446548;0,095892557
2009;RRC;0,371252672;0,371252672;0,077437573;-0,045458578;-0,044866444;0,133480407;-0,187611597;0,166560115;0,155451085;0,155506999
2010;RRC;-0,10280055;-0,10280055;0,198287074;-1,010395173;-0,998442533;0,083552766;-0,261236181;0,310436143;-1,304670804;-1,284487773
2011;RRC;0,319948228;0,319948228;0,078756751;0,047085039;0,047629978;0,022089516;-0,00480674;0,117118427;0,305171001;0,300886288
2012;RRC;0,014266492;0,014266492;0,218768558;0,361970878;0,359636617;0,399688843;0,375034786;0,178378479;0,357480151;0,354071151
2013;RRC;0,294067816;0,294067816;0,164310609;0,014965187;0,017407123;0,200104945;0,294430258;0,167331826;0,070189972;0,071964496
2014;RRC;-0,455753844;-0,455753844;0,247494588;-0,074645462;-0,067985612;0,081276622;0,061327354;0,200404767;0,006143209;0,01024125
2015;RRC;-0,775593773;-0,775593773;-0,148621742;0,115114281;0,109511239;0,234314708;0,003556944;-0,182597031;-0,062411638;-0,065038189
1985;MRO;;;;;;;;;;
1986;MRO;;;;;;;;;;
1987;MRO;;;;;;;;;;
1988;MRO;;;;;;;;;;
1989;MRO;;;;;;;;;;
1990;MRO;;;;;;;;;;
1991;MRO;;;;;;;;;;
1992;MRO;-0,350860974;-0,350860974;;;;;;;;
1993;MRO;-0,044451763;-0,044451763;;;;;;;;
1994;MRO;-0,007604599;-0,007604599;;;;;;;;
1995;MRO;0,174658684;0,174658684;;;;;;;;
1996;MRO;0,202417421;0,202417421;;;;;;;;
1997;MRO;0,346148531;0,346148531;;;;;;;;
1998;MRO;-0,113625026;-0,113625026;;;;;;;;
1999;MRO;-0,199058349;-0,199058349;;;;;;;;
2000;MRO;0,116938798;0,116938798;-0,165843971;-0,260244871;-0,260178335;;;-0,202109397;-0,198004535;-0,198007491
2001;MRO;0,077961541;0,077961541;-0,130639426;-0,056618894;-0,056671592;;;-0,079342673;-0,22943948;-0,229323098
2002;MRO;-0,342959903;-0,342959903;0,161197925;0,135955636;0,135973171;;;0,166865662;0,233614851;0,233560935
2003;MRO;0,440993643;0,440993643;-0,211970251;-0,406312925;-0,406162036;;;-0,193098999;-0,219677343;-0,219656305
2004;MRO;0,128038851;0,128038851;-0,039458837;-0,017972242;-0,017990401;;;0,220842054;-0,031637085;-0,031406731
2005;MRO;0,483111967;0,483111967;-0,016125187;0,446079827;0,445770338;;;0,021371379;0,228841572;0,228648146
2006;MRO;0,416826705;0,416826705;-0,08992356;-0,063323119;-0,063336947;-0,110862593;0,158224005;-0,010486138;-0,039107083;-0,039082723
2007;MRO;-0,4186325;-0,4186325;0,340072011;-0,183735984;-0,183382883;0,09531018;-0,130053128;-0,017241806;-0,04069891;-0,040678419
2008;MRO;-0,799494052;-0,799494052;-0,04126445;0,087365171;0,087260658;0,118131286;0,067139303;-0,029115422;-0,0217738;-0,021780265
2009;MRO;0,131976822;0,131976822;-0,206788663;-0,270961426;-0,270910963;-0,039777971;;-0,20715742;-0,053281367;-0,053406507
2010;MRO;0,17066948;0,17066948;0,006779687;0,099475888;0,099404014;-0,094151431;;-0,040072765;-0,052778205;-0,052768586
2011;MRO;-0,235165294;-0,235165294;-0,067175397;0,363808791;0,363549653;-0,012820688;;0,018550598;0,085407527;0,08535825
2012;MRO;0,046395773;0,046395773;-0,084639136;0,04703061;0,046971263;0,037979248;;0,041511929;0,04703061;0,047026688
2013;MRO;0,14092409;0,14092409;-0,0977936;0,031652982;0,031601776;-0,034758633;0;-0,039638217;0,040515669;0,040461073
2014;MRO;-0,221374579;-0,221374579;-0,104693627;-0,263254869;-0,263191204;-0,052817556;1,769286613;-0,034663535;0,310938935;0,310747747
2015;MRO;-0,809605537;-0,809605537;-0,040050687;0,043444037;0,043409257;-0,030983546;-0,173271721;-0,046815371;-0,081930264;-0,081913712
1985;MUR;;;;;;;;;;
1986;MUR;-0,165514438;-0,165514438;;;;;;;;
1987;MUR;-0,083381609;-0,083381609;;;;;;;;
1988;MUR;0,253124384;0,253124384;;;;;;;;
1989;MUR;0,334058234;0,334058234;;;;;;;;
1990;MUR;-0,062325463;-0,062325463;;;;;;;;
1991;MUR;-0,133990846;-0,133990846;;;;;;;;
1992;MUR;0,043172172;0,043172172;;;;;;;;
1993;MUR;0,119346758;0,119346758;;;;;;;;
1994;MUR;0,060624622;0,060624622;;;;;;;;
1995;MUR;-0,023810649;-0,023810649;;;;;;;;
1996;MUR;0,292939313;0,292939313;;;;;;;;
1997;MUR;-0,026191713;-0,026191713;;;;;;;;
1998;MUR;-0,272789914;-0,272789914;;;;;;;;
1999;MUR;0,329957556;0,329957556;;;;;;;;
2000;MUR;0,052001105;0,052001105;0,194868773;0,045323127;0,045395357;;;0,164528403;0,076115033;0,076145183
2001;MUR;0,329683103;0,329683103;-0,039320469;0,001794796;0,001773849;;;0,059426178;0,147425528;0,147395512
2002;MUR;-0,673587231;-0,673587231;-0,289013099;-0,44229776;-0,442215092;;;-0,34300617;-0,489617865;-0,489566341
2003;MUR;0,421439519;0,421439519;-0,119549379;0,095732923;0,095620254;;;-0,156088326;-0,079970747;-0,079998438
2004;MUR;0,20849071;0,20849071;-0,600050086;-0,129794873;-0,129970862;;;-0,513723207;-0,052820727;-0,052950032
2005;MUR;-0,398837029;-0,398837029;-0,376884031;0,032199752;0,032101326;;;-0,152416074;-0,108213585;-0,108223135
2006;MUR;-0,059918722;-0,059918722;-0,099705791;-0,079499208;-0,079503104;-0,14356857;-0,178100869;0,833963499;-0,046101474;-0,045803347
2007;MUR;0,511887007;0,511887007;0,467246528;0,171159594;0,171225356;-0,159427737;0,03546471;0,105962517;0,025001302;0,025044252
2008;MUR;-0,648654421;-0,648654421;0,144241367;0,040821995;0,040849952;-0,054982134;0,298942477;-0,008840588;-0,026152713;-0,026143069
2009;MUR;0,2005682;0,2005682;0,652165836;0,790310929;0,790274214;1,089878609;0,219519421;0,253550845;0,590726528;0,590565691
2010;MUR;0,318789133;0,318789133;0,377863221;-0,083784266;-0,083638873;0,643698905;-0,04021706;0,157250637;-0,017380547;-0,01730401
2011;MUR;-0,290772019;-0,290772019;0,194196166;-0,040268382;-0,040164495;0,248323101;-0,208137911;0,225157149;0,126975861;0,127025135
2012;MUR;0,066118274;0,066118274;-0,007900718;0,11549764;0,115439939;0,072223119;0,091434206;0,0275529;0,170720832;0,170650547
2013;MUR;0,085723114;0,085723114;0,107595975;0,127489644;0,12748099;-0,148130192;0,17133914;0,014494273;0,177972673;0,177903803
2014;MUR;-0,250170112;-0,250170112;0,032412272;0,063695515;0,06368225;0,051034696;0,061466322;0,390501655;-0,114911859;-0,114656849
2015;MUR;-0,811078683;-0,811078683;-0,035852423;0,00768407;0,007666286;-0,042025626;-0,120430769;-0,009370925;0,032074019;0,032047927
1985;OXY;;;;;;;;;;
1986;OXY;-0,1198012;-0,1198012;;;;;;;;
1987;OXY;-0,120627988;-0,120627988;;;;;;;;
1988;OXY;0,04020642;0,04020642;;;;;;;;
1989;OXY;0,154854162;0,154854162;;;;;;;;
1990;OXY;-0,477627554;-0,477627554;;;;;;;;
1991;OXY;-0,027587957;-0,027587957;;;;;;;;
1992;OXY;-0,050189745;-0,050189745;;;;;;;;
1993;OXY;0;0;;;;;;;;
1994;OXY;0,124297717;0,124297717;;;;;;;;
1995;OXY;0,104710954;0,104710954;;;;;;;;
1996;OXY;0,08944506;0,08944506;;;;;;;;
1997;OXY;0,226329913;0,226329913;;;;;;;;
1998;OXY;-0,552163752;-0,552163752;;;;;;;;
1999;OXY;0,248016816;0,248016816;;;;;;;;
2000;OXY;0,114566565;0,114566565;0,092101424;0,648757091;0,648590041;;;0,155358045;0,553120015;0,553020247
2001;OXY;0,089859551;0,089859551;-0,049132689;0,043032316;0,043012567;;;-0,066410559;0,050821747;0,050799152
2002;OXY;0,069871992;0,069871992;-0,037782898;0,046458255;0,046441729;;;-0,009230087;0,037759852;0,037751513
2003;OXY;0,395219479;0,395219479;0,040546094;0,06830089;0,068295743;;;0,235849217;0,033935392;0,03397417
2004;OXY;0,323263084;0,323263084;0,014790738;0,006640531;0,006642028;;;0,137042953;-0,000981836;-0,000950446
2005;OXY;0,313894785;0,313894785;0,08342511;-0,000601866;-0,000585703;;;0,156213377;0,043725438;0,043754425
2006;OXY;-0,49218063;-0,49218063;0,30724926;0,073677846;0,073730608;;;0,091171773;0,049081164;0,049092877
2007;OXY;0,455330665;0,455330665;0,12145546;0;3,27E-05;;;0,008624122;-0,003587448;-0,003583956
2008;OXY;-0,249497662;-0,249497662;0,046164492;-0,065284511;-0,065250795;0,16232734;0,029852963;0,18002036;-0,006761351;-0,006702279
2009;OXY;0,304582952;0,304582952;0,171424397;0,103149117;0,103171707;0,096198148;0,051587369;0,114081344;0,067755864;0,067772303
2010;OXY;0,187226533;0,187226533;0,003924138;0,010179568;0,010177434;0,243062195;0,115919102;0,031118288;0,045443589;0,045438424
2011;OXY;-0,045889177;-0,045889177;0,031356977;-0,202567779;-0,202478138;0,036450505;-0,20343848;0,000563751;-0,209505153;-0,209421475
2012;OXY;-0,201370573;-0,201370573;0,005299697;0,000652529;0,00065453;0,0501741;0,041797129;0,044998869;0,013847897;0,01386187
2013;OXY;0,216201353;0,216201353;-0,041367491;0,007149852;0,007129404;-0,039050515;0,00583092;-0,00035926;0,05308442;0,053060711
2014;OXY;-0,165306258;-0,165306258;-0,21680221;-0,234706256;-0,234698826;-0,311563804;-0,198734586;-0,299125912;-0,193091972;-0,193135424
2015;OXY;-0,17586681;-0,17586681;-0,126619617;-0,172055028;-0,172035564;0,083985656;0,120144312;-0,203231654;-0,30171606;-0,301675856
1985;COP;;;;;;;;;;
1986;COP;-0,031416196;-0,031416196;;;;;;;;
1987;COP;0,175204089;0,175204089;;;;;;;;
1988;COP;0,331357136;0,331357136;;;;;;;;
1989;COP;0,25841169;0,25841169;;;;;;;;
1990;COP;0,034066555;0,034066555;;;;;;;;
1991;COP;-0,08483888;-0,08483888;;;;;;;;
1992;COP;0,045809536;0,045809536;;;;;;;;
1993;COP;0,143432464;0,143432464;;;;;;;;
1994;COP;0,121607132;0,121607132;;;;;;;;
1995;COP;0,041127291;0,041127291;;;;;;;;
1996;COP;0,259825118;0,259825118;;;;;;;;
1997;COP;0,09428243;0,09428243;;;;;;;;
1998;COP;-0,131696866;-0,131696866;;;;;;;;
1999;COP;0,097706666;0,097706666;;;;;;;;
2000;COP;0,190708276;0,190708276;0,396624326;0,995122681;0,99462804;;;0,293401074;1,196057745;1,195404126
2001;COP;0,057812656;0,057812656;0,070233389;0,059952476;0,059958716;;;0,033983573;0,027229405;0,027232427
2002;COP;-0,219375353;-0,219375353;0,540630679;0,34896806;0,349096934;;;0,597043845;0,346365574;0,346493477
2003;COP;0,303825093;0,303825093;-0,027591219;-0,036891589;-0,036884686;;;0,001246106;0,007527727;0,007524115
2004;COP;0,28083391;0,28083391;0,034564748;0,219845348;0,219719213;;;0,097006917;0,098286054;0,098285321
2005;COP;-0,400410531;-0,400410531;0,146143594;0,134213435;0,134220873;;;0,074305737;0,113176078;0,113154253
2006;COP;0,21242978;0,21242978;0,327251699;0,027500804;0,027719976;0,423747153;0,148667458;0,342062643;0,021277398;0,02148564
2007;COP;0,204768674;0,204768674;-0,048381437;-0,100160634;-0,100115668;0,01913934;-0,070466711;-0,053462887;-0,068144335;-0,068133113
2008;COP;-0,533349958;-0,533349958;-0,129199547;-0,599852684;-0,599317262;-0,007134394;-0,033748985;-0,01945046;-0,08770558;-0,087651192
2009;COP;-0,014192909;-0,014192909;0,064075291;0,614600237;0,613996409;-0,020251415;0,128656831;-0,02850076;-0,027354883;-0,027355827
2010;COP;0,287779972;0,287779972;0,0222705;-0,311292847;-0,310967158;-0,051472765;-0,156500857;-0,110243582;-0,368631481;-0,368388745
2011;COP;0,067699819;0,067699819;-0,048029086;-0,001818513;-0,001870361;-0,070092377;-0,382208246;-0,0375349;0,020426739;0,020366713
2012;COP;-0,22840645;-0,22840645;-0,075056725;-0,212551862;-0,212390285;-0,05425059;-0,105360516;-0,064270819;0,301237955;0,300929939
2013;COP;0,197467527;0,197467527;-0,00011919;-0,017257467;-0,017235727;-0,039685397;-0,011560822;0,038702896;0,021146908;0,021159273
2014;COP;-0,022762417;-0,022762417;0,030636199;-0,007356355;-0,007306814;-0,021992334;0,041751795;0,005478394;-0,001046792;-0,00104214
2015;COP;-0,391445683;-0,391445683;-0,136732031;0,002764979;0,002591939;0,014715164;0,032909734;-0,175922562;-0,003777549;-0,003890655
1985;APC;;;;;;;;;;
1986;APC;;;;;;;;;;
1987;APC;0,170869063;0,170869063;;;;;;;;
1988;APC;0,070736551;0,070736551;;;;;;;;
1989;APC;0,367349475;0,367349475;;;;;;;;
1990;APC;-0,226527649;-0,226527649;;;;;;;;
1991;APC;-0,206336433;-0,206336433;;;;;;;;
1992;APC;0,202090142;0,202090142;;;;;;;;
1993;APC;0,43481732;0,43481732;;;;;;;;
1994;APC;-0,164303051;-0,164303051;;;;;;;;
1995;APC;0,340637945;0,340637945;;;;;;;;
1996;APC;0,179237514;0,179237514;;;;;;;;
1997;APC;-0,064804193;-0,064804193;;;;;;;;
1998;APC;-0,675782712;-0,675782712;;;;;;;;
1999;APC;0,100083459;0,100083459;;;;;;;;
2000;APC;0,73377575;0,73377575;1,126916065;1,120970944;1,12097947;;;0,888053752;0,601493949;0,601735636
2001;APC;-0,223389783;-0,223389783;0,0220421;0,047433258;0,047397193;;;0,143757119;0,079012614;0,079077485
2002;APC;-0,171300716;-0,171300716;0,003595424;0,091527257;0,091409196;;;0,020401692;-0,000883783;-0,000861523
2003;APC;0,062906188;0,062906188;0,1065121;0,083847972;0,083877418;;;0,073032982;0,08065464;0,080646615
2004;APC;0,239438221;0,239438221;-0,074539116;-0,207845614;-0,207658262;;;-0,025702962;-0,096697765;-0,096620593
2005;APC;0,379781932;0,379781932;0,02010391;-0,020000667;-0,019939246;;;0,049498379;0,01515856;0,015197898
2006;APC;-0,778021241;-0,778021241;0,311862871;0,190982038;0,191182768;0,298492989;0,196710294;0,281913252;0,112063663;0,112279369
2007;APC;0,411726104;0,411726104;-0,188695199;-0,225231961;-0,225166367;0,22386014;0,133531393;-0,209504393;-0,220378391;-0,220363295
2008;APC;-0,532990607;-0,532990607;-0,030746889;0,010398707;0,010325007;0,071854104;-0,182321557;-0,048055486;-0,09078395;-0,090723018
2009;APC;0,481929637;0,481929637;-0,038834978;0,103116621;0,102884386;0,085565888;0,09531018;-0,04298349;0,086831375;0,086654023
2010;APC;0,198950654;0,198950654;0,016518157;-0,350252599;-0,349578115;0,01458106;-0,186877373;0,044462962;-0,298966626;-0,298442438
2011;APC;0,002229655;0,002229655;0,021662691;0,147506137;0,147246427;0,027366372;0,066249386;0,030095707;0,02894939;0,028951458
2012;APC;-0,026820514;-0,026820514;0,052886985;0,00190295;0,002004255;0,072429838;0,08594243;-0,004312933;-0,005201572;-0,005199967
2013;APC;0,065244771;0,065244771;0,099603089;0,042797229;0,042916342;0,052111737;0,057158414;0,100003414;0,103925327;0,103918256
2014;APC;0,03930799;0,03930799;-0,066487986;-0,01283244;-0,012945123;-0,014614039;0,191538212;-0,056538738;0,08769661;0,087454874
2015;APC;-0,52958637;-0,52958637;-0,245072424;-0,098821874;-0,099100071;-0,101745141;0,062242309;-0,367954718;-0,264627318;-0,264780297
1987;PXD;;;;;;;;;;
1988;PXD;-0,191055237;-0,191055237;;;;;;;;
1989;PXD;0,298153372;0,298153372;;;;;;;;
1990;PXD;-0,015748357;-0,015748357;;;;;;;;
1991;PXD;-0,282405015;-0,282405015;;;;;;;;
1992;PXD;0,146603474;0,146603474;;;;;;;;
1993;PXD;0,587786665;0,587786665;;;;;;;;
1994;PXD;-0,188400603;-0,188400603;;;;;;;;
1995;PXD;0,070617567;0,070617567;;;;;;;;
1996;PXD;0,513095772;0,513095772;;;;;;;;
1997;PXD;-0,236842396;-0,236842396;;;;;;;;
1998;PXD;-1,19824213;-1,19824213;;;;;;;;
1999;PXD;0,021202208;0,021202208;;;;;;;;
2000;PXD;0,789728009;0,789728009;-0,020015533;-0,011263846;-0,011273335;-0,153983456;-0,209343138;0,010508574;0,064243301;0,064187507
2001;PXD;-0,02195351;-0,02195351;-0,029275176;-0,023074032;-0,023080706;-0,060524787;-0,0029561;0,091572027;0,040468512;0,040521503
2002;PXD;0,270795749;0,270795749;0,063512607;0,030097829;0,030134285;0,024336801;-0,082004945;0,027575162;0,158075549;0,157945412
2003;PXD;0,234719851;0,234719851;0,050657848;0,0230362;0,023067268;0,482278667;0,112577764;0,028748996;0,104464472;0,10439639
2004;PXD;0,094655124;0,094655124;0,410044928;0,067787774;0,068253068;0,167232772;0,288593499;0,515676192;-0,033650291;-0,033016798
2005;PXD;0,378904655;0,378904655;-0,091259832;-0,069558758;-0,069593213;-0,024618664;-0,066412696;-0,095277903;0,048350793;0,048150308
2006;PXD;-0,256006519;-0,256006519;-0,156056492;-0,080662318;-0,080776385;-0,710947744;-0,585886905;-0,133531393;-0,028538141;-0,028667535
2007;PXD;0,207450382;0,207450382;0,053400866;-0,352077401;-0,351349282;-0,023269683;0,025245236;0,012418864;-0,296483088;-0,296060116
2008;PXD;-1,104773738;-1,104773738;-0,033433206;-0,14656888;-0,146307365;0,176462072;0,199036441;0,005163051;-0,005087308;-0,005070913
2009;PXD;1,090960509;1,090960509;-0,136097771;0,073634057;0,073171471;-0,010258487;0,037214818;-0,176031408;0,053412216;0,053082551
2010;PXD;0,589100589;0,589100589;0,031981939;0,180589422;0,180315567;-0,032330607;0,05591129;0,067959656;0,157439443;0,157330008
2011;PXD;0,030178127;0,030178127;0,042857238;0,095880251;0,095791965;-0,007970851;0,212701512;-0,055141178;0,121498899;0,12130957
2012;PXD;0,174974562;0,174974562;-0,14374786;0,19301047;0,192546784;0,065816279;0,416638409;-0,141318246;0,124134582;0,123906066
2013;PXD;0,546326421;0,546326421;0,059529021;0,106548366;0,106495162;-0,024109724;0,173365245;-0,142125551;-0,352813711;-0,352637425
2014;PXD;-0,212377033;-0,212377033;-0,136500578;0,040304712;0,040125594;-0,00862012;0,175377084;-0,133037749;0,028752076;0,028613461
2015;PXD;-0,171589962;-0,171589962;-0,145772749;-0,002008055;-0,002132095;-0,044889613;0,161485325;-0,20724968;-0,120962754;-0,121028013
1988;DVN;;;;;;;;;;
1989;DVN;1,044545067;1,044545067;;;;;;;;
1990;DVN;-0,16034265;-0,16034265;;;;;;;;
1991;DVN;-0,2591087;-0,2591087;;;;;;;;
1992;DVN;0,524811866;0,524811866;;;;;;;;
1993;DVN;0,318453731;0,318453731;;;;;;;;
1994;DVN;-0,122338852;-0,122338852;;;;;;;;
1995;DVN;0,334513372;0,334513372;;;;;;;;
1996;DVN;0,30950112;0,30950112;;;;;;;;
1997;DVN;0,102478669;0,102478669;;;;;;;;
1998;DVN;-0,226802836;-0,226802836;;;;;;;;
1999;DVN;0,068857085;0,068857085;;;;;;;;
2000;DVN;0,617669449;0,617669449;0,407058576;0,423055574;0,423028569;0,764101609;1,01553241;0,600719277;0,412827021;0,413041756
2001;DVN;-0,455835165;-0,455835165;0,405743642;0,214569304;0,214922044;0,154921496;0,042301128;0,45981391;0,24373813;0,244040413
2002;DVN;0,171918342;0,171918342;0,156752589;-0,220061885;-0,219134806;0,425169199;-0,057953643;0,063488125;-0,277495227;-0,276863457
2003;DVN;0,221137183;0,221137183;0,258458857;0,450585543;0,450069492;0,126113328;0,390234353;0,2260181;0,397929277;0,397583963
2004;DVN;-0,386094042;-0,386094042;0,039188554;0,00732604;0,007404932;0,030792717;0,233749468;0,02403897;-0,103513173;-0,103262708
2005;DVN;0,474298095;0,474298095;-0,017518696;-0,12419038;-0,123907247;-0,073866105;-0,194156014;-0,026776448;0,08519205;0,084970504
2006;DVN;0,070079585;0,070079585;0,064477155;-0,013869848;-0,013641848;-0,0151075;-0,157780448;0,135653591;0,087011377;0,08710459
2007;DVN;0,281738685;0,281738685;0,107123306;0,088174574;0,088232444;0,057253889;-0,007299302;0,073577845;-0,044772821;-0,044526199
2008;DVN;-0,302373501;-0,302373501;0,103235586;-0,261597295;-0,260240869;0,085928791;-0,029741969;0,094460768;-0,456214354;-0,454593115
2009;DVN;0,112034285;0,112034285;-0,025050086;-0,040683577;-0,040613711;0,027697952;-0,235006087;-0,01303348;0,469420709;0,467955438
2010;DVN;0,065940599;0,065940599;0,071208389;-0,117350603;-0,116416454;-0,03893102;-0,03151776;0,05250707;-0,007315322;-0,007169541
2011;DVN;-0,23609162;-0,23609162;0,055864975;0,184265192;0,183610266;0,0244433;0,096205435;0,019548988;0,034635497;0,034597908
2012;DVN;-0,175121731;-0,175121731;-0,098796267;0,056618894;0,055930367;-0,015340158;0,179708152;-0,104449663;0,123910795;0,123405808
2013;DVN;0,173022756;0,173022756;0,047077481;0,098917787;0,098710823;-0,071127344;0,137728181;-0,014717126;0,047715473;0,047596297
2014;DVN;-0,010724835;-0,010724835;-0,191609145;0,139400562;0,138303706;;;-0,191343655;0,066999648;0,066578366
2015;DVN;-0,648574672;-0,648574672;-0,201928327;0,067546042;0,066885125;;;-0,278058522;-0,132414698;-0,132608453
1989;EOG;;;;;;;;;;
1990;EOG;-0,17246926;-0,17246926;;;;;;;;
1991;EOG;-0,08594243;-0,08594243;;;;;;;;
1992;EOG;0,409729507;0,409729507;;;;;;;;
1993;EOG;0,283417674;0,283417674;;;;;;;;
1994;EOG;-0,732367894;-0,732367894;;;;;;;;
1995;EOG;0,246860078;0,246860078;;;;;;;;
1996;EOG;0,050772325;0,050772325;;;;;;;;
1997;EOG;-0,17543837;-0,17543837;;;;;;;;
1998;EOG;-0,205575643;-0,205575643;;;;;;;;
1999;EOG;0,017953804;0,017953804;;;;;;;;
2000;EOG;1,134725706;1,134725706;0,017171766;-0,034766765;-0,034406416;;;0,062651092;0,012281866;0,012656122
2001;EOG;-0,334113465;-0,334113465;0,246788565;0,100640175;0,101759763;;;0,116026381;-0,017425683;-0,016338747
2002;EOG;0,020499263;0,020499263;-0,522370231;-0,168194092;-0,170651529;;;-0,637837204;-0,12977167;-0,1332415
2003;EOG;0,145452785;0,145452785;0,61512209;0,381749705;0,383270257;;;0,839505929;0,407887657;0,410717302
2004;EOG;0,435407252;0,435407252;0,19886475;0,126333937;0,126882923;;;0,083045693;0,048118614;0,048405087
2005;EOG;0,027777644;0,027777644;0,057308292;0,091223547;0,09096192;;;0,096336366;0,060281481;0,060587798
2006;EOG;-0,161148896;-0,161148896;0,059515585;0,096059701;0,095787479;0,093792191;0,035104398;0,092321983;0,103946688;0,103846728
2007;EOG;0,357075184;0,357075184;0,202248918;0,367385224;0,366271122;0,094444355;0,148568997;0,090032562;0,420261718;0,41785435
2008;EOG;-0,293037189;-0,293037189;0,075118459;0,252291553;0,251283034;0,10637364;0,350736;0,095744927;0,226992625;0,22623468
2009;EOG;0,379394757;0,379394757;-0,180964482;0,143719277;0,142275033;0,021798782;-0,110977256;0,192607926;0,329960576;0,329266508
2010;EOG;-0,062444108;-0,062444108;-0,038592403;0,279497655;0,278470553;0,026557312;0,30394019;-0,04928365;0,209432086;0,208356522
2011;EOG;0,074803184;0,074803184;-0,070198549;0,259785321;0,25901378;-0,061197094;0,416545554;-0,075925946;0,293360722;0,292234716
2012;EOG;0,203895435;0,203895435;-0,332701321;0,258155959;0,257274748;-0,068058191;0,334056263;-0,50469653;0,303226541;0,301827757
2013;EOG;0,328957644;0,328957644;0,075574065;-0,147575427;-0,14730185;-0,102450234;0,331354918;0,062426365;0,250727625;0,250534363
2014;EOG;-0,600461987;-0,600461987;0,093486602;0,236005936;0,235824253;0,007732764;0,269960756;0,057354416;0,235657923;0,235505569
2015;EOG;-0,26283141;-0,26283141;-0,333269028;-0,106328596;-0,106569465;-0,062341976;-0,015780872;-0,333918692;-0,037730475;-0,037930606
1989;COG;;;;;;;;;;
1990;COG;;;;;;;;;;
1991;COG;-0,259219608;-0,391766264;;;;;;;;
1992;COG;0,377877152;0,377877152;;;;;;;;
1993;COG;0,167054085;0,167054085;;;;;;;;
1994;COG;-0,376308524;-0,376308524;;;;;;;;
1995;COG;0,008583744;0,008583744;;;;;;;;
1996;COG;0,157806991;0,157806991;;;;;;;;
1997;COG;0,126690529;0,126690529;;;;;;;;
1998;COG;-0,259179712;-0,259179712;;;;;;;;
1999;COG;0,068437162;0,068437162;;;;;;;;
2000;COG;0,663530011;0,663530011;0,046486082;0,419668367;0,41304406;-0,072816968;0,025506165;0,031366002;0,191156109;0,188410208
2001;COG;-0,259882377;-0,259882377;0,063735012;0,596935908;0,590845194;0,127767688;0,694195948;0,077003745;0,685858223;0,678594861
2002;COG;0,02990188;0,02990188;0,018184581;-0,144401472;-0,142871374;0,063001937;0,407907964;0,023802211;-0,067835966;-0,067001804
2003;COG;0,16925567;0,16925567;-0,008741902;-0,344038286;-0,339987673;-0,024643089;-0,022203555;0,008003073;-0,418516802;-0,41346454
2004;COG;0,410562825;0,410562825;0,054565499;-0,083450955;-0,081353084;0,012809439;-0,341115931;0,058646342;-0,061244495;-0,059397527
2005;COG;0,019026875;0,019026875;0,096665319;0,053446545;0,054164262;0,014259471;-0,137333815;0,1069512;0,006915596;0,008632443
2006;COG;0,296237389;0,296237389;0,05352438;-0,43713252;-0,426446318;0,076116963;-0,213272933;0,080790147;-0,363063624;-0,353046356
2007;COG;-0,407032701;-0,407032701;0,128868257;0,17551302;0,174263023;0,009400994;-0,534836381;0,131091715;0,156959796;0,156249447
2008;COG;-0,439990397;-0,439990397;0,142904462;-0,043339631;-0,037991525;0,116574201;-0,05110146;0,18979878;0,001392683;0,006998819
2009;COG;0,516731228;0,516731228;-0,015395917;-0,100944333;-0,098144807;0,079568765;0,045007596;0,065252148;-0,182471445;-0,173361585
2010;COG;-0,141196786;-0,141196786;0,266435281;0,158837383;0,162703251;0,248009023;-0,012300278;0,272646058;0,198402113;0,201582223
2011;COG;0,695785705;0,695785705;0,030824516;0,426608132;0,41416863;0,354437717;0,543934782;0,095771537;0,768616419;0,746645656
2012;COG;-0,422607246;-0,422607246;0,245222142;0,160851178;0,163118042;0,347643407;0,476626763;0,239126939;0,174556591;0,176099132
2013;COG;-0,249420651;-0,249420651;0,350745849;0,062255749;0,071570875;0,442678704;0,251116173;0,359511825;0,085060678;0,092815164
2014;COG;-0,269276645;-0,269276645;0,321194289;0,690102703;0,678622808;0,253623053;0,219110447;0,290793375;0,694276997;0,683534071
2015;COG;-0,515112634;-0,515112634;0,074799137;-0,061943407;-0,058158456;0,108112631;0,414160011;0,103721217;0,047663937;0,048916109
1994;DNR;;;;;;;;;;
1995;DNR;-0,182321557;-0,182321557;;;;;;;;
1996;DNR;1,54329811;1,54329811;;;;;;;;
1997;DNR;0,241772371;0,241772371;;;;;;;;
1998;DNR;-1,462986982;-1,462986982;;;;;;;;
1999;DNR;-0,014598799;-0,014598799;;;;;;;;
2000;DNR;0,95097629;0,95097629;0,619502838;0,468587331;0,46862182;0,282645392;0,230143693;0,689910257;0,309970984;0,31004593
2001;DNR;-0,408651999;-0,408651999;0,786748373;0,04425658;0,044527661;0,83246245;0,109366881;0,679009927;0,07918131;0,079376133
2002;DNR;0,435559452;0,435559452;-0,173663291;0,131267401;0,131131462;0,164147199;0,103680874;0,013376149;0,239641562;0,239554112
2003;DNR;0,20780528;0,20780528;0,013479036;-0,14818541;-0,148118505;-0,056962686;0,003195355;0,099127052;-0,063023256;-0,062962625
2004;DNR;0,679758162;0,679758162;-0,425636093;0,039968162;0,039801313;;;-0,275327453;0,100510168;0,100383267
2005;DNR;-0,18648321;-0,18648321;0,472407608;0,048451659;0,048600225;;;0,502099597;0,041812427;0,041975018
2006;DNR;0,198793286;0,198793286;0,15237376;0,298751446;0,298692903;0,347361733;0,136333759;0,036880581;0,081254759;0,08123563
2007;DNR;0,068152888;0,068152888;0,247580005;0,104488134;0,104545266;0,156418969;0,196808406;0,216408902;0,032209681;0,032294947
2008;DNR;-1,002233162;-1,002233162;0,275742568;-0,049159104;-0,048994618;-0,079817101;0,121080513;0,17678818;0,294768672;0,294712268
2009;DNR;0,30403121;0,30403121;-1,455962178;0,314846734;0,314354619;-0,279084404;0,159537523;-1,581965367;0,19018818;0,189814228
2010;DNR;0,254537457;0,254537457;0,463646521;0,640987961;0,640971555;0,140197262;0,482796588;1,403181376;0,565626004;0,565726384
2011;DNR;-0,234469894;-0,234469894;0,130883477;0,090686504;0,090689972;-0,971617428;0,013579082;0,557850335;0,056152369;0,056267653
2012;DNR;0,070316498;0,070316498;-0,674180769;-0,019471361;-0,019513649;-0,012035411;0,098425976;-0,260885371;-0,08673804;-0,086784745
2013;DNR;0,01409769;0,01409769;0,11612168;0,166922199;0,166919934;-0,206528085;-0,011016225;0,017112486;0,167980629;0,167946246
2014;DNR;-0,703548008;-0,703548008;0;0;0;-0,033678748;0,06314516;-0,079740344;-0,064973969;-0,064977064
2015;DNR;-1,392463412;-1,392463412;-0,64168884;-0,214379354;-0,214394471;-0,034756269;-0,0206128;-2,468990729;-0,249775995;-0,249961451
1991;SM;;;;;;;;;;
1992;SM;;;;;;;;;;
1993;SM;0,063178902;0,063178902;;;;;;;;
1994;SM;0,078471615;0,078471615;;;;;;;;
1995;SM;0,055059777;0,055059777;;;;;;;;
1996;SM;0,574805953;0,574805953;;;;;;;;
1997;SM;0,341484778;0,341484778;;;;;;;;
1998;SM;-0,637577329;-0,637577329;;;;;;;;
1999;SM;0,291054757;0,291054757;;;;;;;;
2000;SM;0,297107213;0,297107213;0,127811881;0,130064821;0,13006102;0,51967041;0,550380004;0,084608931;0,102976724;0,102943459
2001;SM;-0,45240333;-0,45240333;0,06616179;0,084363974;0,084333581;0,029422578;0,014900938;0,065330607;0,122027529;0,121928611
2002;SM;0,165346453;0,165346453;0,107491614;0,484811959;0,484291767;-0,034180135;0,145426267;0,128000666;0,422652868;0,42222
2003;SM;0,131028262;0,131028262;0,142875173;0,263257255;0,263128498;0,263367526;0,478184991;0,113170274;0,279934593;0,279740494
2004;SM;0,381555814;0,381555814;0,030406772;0,093846424;0,093784551;-0,063702567;0,055260311;0,038879414;0,16879588;0,168665553
2005;SM;-0,125690354;-0,125690354;0,139716434;0,153799369;0,153786158;0,105851832;0,21111062;0,267460728;0,106044342;0,106208898
2006;SM;0,000814664;0,000814664;0,13526203;0,094512371;0,094551114;0,085910406;0,021696445;0,145663044;0,165102905;0,165081653
2007;SM;0,046927099;0,046927099;0,174045593;0,10422689;0,104297049;0,157258697;0,131320762;0,240169655;0,060812503;0,06102516
2008;SM;-0,642397935;-0,642397935;0,015312504;-0,371172579;-0,370681874;0,125708835;-0,043195593;-0,095876646;-0,428591197;-0,428080115
2009;SM;0,522281176;0,522281176;-0,236411862;0,018800629;0,01845585;-0,052115672;-0,044355567;-0,215086262;0,046355398;0,045939982
2010;SM;0,542955748;0,542955748;0,183782477;-0,042559614;-0,042258387;0,011104543;0,01131376;0,353332322;0,064770836;0,065235881
2011;SM;0,215478068;0,215478068;0,093317486;0,089363681;0,089369571;0,332979157;0,233093882;0,036813973;0,222446444;0,222132143
2012;SM;-0,336554319;-0,336554319;0,068519946;0,156136778;0,156011542;0,179236321;0,252413934;0,22723157;0,251469383;0,251432479
2013;SM;0,464890984;0,464890984;0,16380122;0,177206456;0,177188243;0,218465962;0,290083034;0,355606459;0,317072379;0,317131473
2014;SM;-0,767431024;-0,767431024;0,320942168;0,240653177;0,240765993;0,023826408;0,183519879;0,209513711;0,292999663;0,292874445
2015;SM;-0,674147893;-0,674147893;-0,196854382;-0,166545205;-0,166588859;0,126969689;0,13950156;-0,148597314;-0,155231602;-0,155222028
1991;EGY;;;;;;;;;;
1992;EGY;;;;;;;;;;
1993;EGY;;;;;;;;;;
1994;EGY;-2,128231706;-2,128231706;;;;;;;;
1995;EGY;-1,206643033;-1,206643033;;;;;;;;
1996;EGY;0,407246052;0,407246052;;;;;;;;
1997;EGY;1,930540994;1,930540994;;;;;;;;
1998;EGY;-0,776551236;-0,776551236;;;;;;;;
1999;EGY;-0,354592778;-0,354592778;;;;;;;;
2000;EGY;-0,510825624;-0,510825624;;;;;;;0,010534334;0,010534334
2001;EGY;0,382992252;0,382992252;;;;;;;2,264752637;2,264754425
2002;EGY;0,983099402;0,983099402;0,109698917;2,295973023;2,295943774;;;0,109698917;-0,165119616;-0,16511905
2003;EGY;-0,048790164;-0,048790164;0,597837001;0,627280983;0,627280876;;;0,597837001;0,502280137;0,502280373
2004;EGY;1,019362917;1,019362917;-0,952658376;-0,314955544;-0,314957239;;;-0,952658376;-0,031222598;-0,031224157
2005;EGY;0,088728116;0,088728116;-0,944461609;0,116985382;0,116984139;;;-0,944461609;-0,10964416;-0,109644744
2006;EGY;0,464979236;0,464979236;-0,211309094;-0,128021147;-0,1280212;;;-0,211309094;-0,267320952;-0,267320926
2007;EGY;-0,372675285;-0,372675285;1,27766052;-0,039169498;-0,039167846;;;1,27766052;0,036546468;0,036547631
2008;EGY;0,470003629;0,470003629;-0,709676483;0,05294528;0,052944076;;;-0,709676483;0,177643752;0,177642789
2009;EGY;-0,491743616;-0,491743616;-0,265703166;0,009218586;0,009218333;;;-0,265703166;-0,007981104;-0,007981257
2010;EGY;0,453382748;0,453382748;0;0,047647449;0,047647412;;;0;-0,061762713;-0,06176268
2011;EGY;-0,170105969;-0,170105969;3,61677616;-0,266109587;-0,266073332;;;4,427187031;-0,134977106;-0,134924614
2012;EGY;0,359155309;0,359155309;0,589861354;-0,02735573;-0,027324127;;;-0,220549516;0,2135741;0,213555419
2013;EGY;-0,227488236;-0,227488236;-0,14694441;-0,126319367;-0,126320767;-0,492818307;-0,116850099;-0,14694441;-0,034786116;-0,034789762
2014;EGY;-0,412748461;-0,412748461;0,053316752;-0,024813649;-0,024808186;-0,358875165;-0,136764502;0,053316752;0,132908964;0,132906614
2015;EGY;-1,047318994;-1,047318994;-0,28910556;-0,121550982;-0,121562194;-0,226452986;0,205369952;-0,28910556;-1,062352744;-1,062319644
1992;CHK;;;;;;;;;;
1993;CHK;;;;;;;;;;
1994;CHK;1,198695747;-0,327212911;;;;;;;;
1995;CHK;0,747214402;1,200741784;;;;;;;;
1996;CHK;0,514577973;1,249985189;;;;;;;;
1997;CHK;-1,995497035;-2,202154652;;;;;;;;
1998;CHK;-2,087674227;-2,360803685;;;;;;;;
1999;CHK;0,929535959;0,929535959;;;;;;;;
2000;CHK;1,450010176;1,450010176;0,11746231;-0,13910019;-0,137020967;0,063850618;-0,301359298;0,137029039;-0,041082498;-0,039708273
2001;CHK;-0,426423959;-0,426423959;0,278698826;0,376052189;0,375200374;0,219385993;-0,063235589;0,277320691;0,234733064;0,23509921
2002;CHK;0,157818034;0,157818034;0,251173274;0,222823443;0,223063071;0,108427161;0,185210897;0,213275504;0,222365659;0,222286204
2003;CHK;0,562196435;0,562196435;0,374973277;0,312989653;0,313537631;0,402735505;0,297086643;0,367940301;0,313407851;0,313895421
2004;CHK;0,194762259;0,194762259;0,292323962;0,473343994;0,471833579;0,292416734;0,371526597;0,424839797;0,536816069;0,53584262
2005;CHK;0,653902225;0,653902225;0,446607866;0,21136542;0,213383589;0,271347195;0,129346124;0,455955274;0,160977838;0,16379402
2006;CHK;-0,088244122;-0,088244122;0,140662076;0,006106869;0,007491171;0,220246765;0,117061087;0,186963543;0,025862069;0,027784607
2007;CHK;0,299658263;0,299658263;0,225816689;0,146802564;0,147705589;0,21841445;0,132693279;0,197627368;0,152956235;0,153545765
2008;CHK;-0,885519073;-0,885519073;0,168069832;-0,045142257;-0,042322811;0,16882207;0,12698298;0,111007833;-0,023933718;-0,0219867
2009;CHK;0,470312796;0,470312796;0,035945269;-0,074714206;-0,07299992;0,073782199;0,050401631;0,176200727;0,027536977;0,030003729
2010;CHK;0,001158525;0,001158525;0,048068862;0,639044708;0,631722165;0,102493448;0,443979357;0,134502424;0,790654359;0,782036032
2011;CHK;-0,150490847;-0,150490847;0,039472552;0,533735982;0,530172548;0,082161273;0,543480408;0,003874722;0,690766881;0,686118603
2012;CHK;-0,293531358;-0,293531358;-0,178737407;-0,446557171;-0,444843732;0,117063504;-0,011941199;-0,350021559;-0,096135452;-0,097193866
2013;CHK;0,490401865;0,490401865;0,179436626;0,211659817;0,211428742;-0,030766122;0,272390024;0,070704872;-0,156305708;-0,155372409
2014;CHK;-0,327010873;-0,327010873;0,003604865;0,130234857;0,129395145;0,000365364;0,028778965;-0,092994812;-0,007103984;-0,007482118
2015;CHK;-1,469920385;-1,469920385;-0,480341267;-0,061606351;-0,063737589;-0,023095715;-0,007117468;-0,570926237;-0,293720546;-0,294741993
1992;NFX;;;;;;;;;;
1993;NFX;;;;;;;;;;
1994;NFX;0,126413925;0,126413925;;;;;;;;
1995;NFX;0,300104592;0,300104592;;;;;;;;
1996;NFX;-0,037740328;-0,037740328;;;;;;;;
1997;NFX;-0,109128289;-0,109128289;;;;;;;;
1998;NFX;-0,110415979;-0,110415979;;;;;;;;
1999;NFX;0,247982203;0,247982203;;;;;;;;
2000;NFX;0,572878582;0,572878582;0,099801865;0,033155946;0,03334154;0,187267353;0,280536715;0,166128146;0,08063356;0,0808869
2001;NFX;-0,289598708;-0,289598708;0,465022985;0,362225236;0,362536816;0,234089122;0,193992716;0,323608038;0,263129512;0,263322221
2002;NFX;0,015092517;0,015092517;0,31141098;0,055724016;0,056652682;0,082810876;-0,062349816;0,307700337;0,047896138;0,048869772
2003;NFX;0,211480798;0,211480798;0,05708647;-0,172949785;-0,171886222;0,24135949;-0,082555367;0,109457055;-0,0092492;-0,008713252
2004;NFX;0,281996881;0,281996881;0,047951364;0,589861017;0,587694536;0,073254498;0,222813137;0,129611378;0,873728815;0,871213268
2005;NFX;-0,164962516;-0,164962516;0,004862327;0,061261497;0,061096132;-0,037003194;0,110160609;0,114321056;0,115693684;0,115690557
2006;NFX;-0,085868178;-0,085868178;0,079326675;0,100083459;0,100024902;0,039522722;-0,143765922;0,131102657;0,117783036;0,117813568
2007;NFX;0,137061607;0,137061607;0,038038314;0,086755328;0,086622562;-0,021878258;0,180154709;0,131985627;-0,002628122;-0,002295667
2008;NFX;-0,981461964;-0,981461964;0,162166755;0,141597367;0,141652637;-0,117204499;0,188410982;0,153266311;0,207584539;0,207444995
2009;NFX;0,892827743;0,892827743;0,044647005;0,038374013;0,038391096;0,00806456;0,220131929;0,210839519;0,186115728;0,186178307
2010;NFX;0,402211497;0,402211497;0,074465818;0,257829109;0,257371346;0,117336707;0,099309924;-0,044347074;0,188221279;0,187689418
2011;NFX;-0,647737197;-0,647737197;-0,065912665;0;-0,000145134;-0,112186481;0,193027809;-0,065930608;0,191268343;0,190807451
2012;NFX;-0,342800194;-0,342800194;-0,30173829;0;-0,00055503;-0,191265545;0,21561557;-0,284686136;-0,041328195;-0,041667765
2013;NFX;-0,083690128;-0,083690128;0,012398824;0,143706721;0,143512735;-0,220210745;-0,433335992;-0,062906425;0,130361818;0,130145168
2014;NFX;0,096306251;0,096306251;-0,117546097;0,125626213;0,125327715;0,017926216;0,293615141;-0,025193345;0,108688306;0,108560955
2015;NFX;0,182813078;0,182813078;0,004255326;-0,141499562;-0,14132941;-0,016205045;0,339490434;-0,208166046;-0,374391471;-0,374230715
2001;WLL;;;;;;;;;;
2002;WLL;;;0,203043314;0,766944714;0,766056386;0,077708984;0,090971778;0,036538414;0,688000559;0,686776801
2003;WLL;;;0,025114796;0,095103755;0,095024448;0,009302393;0,122602322;-0,021311299;0,162014695;0,161791323
2004;WLL;0,49714552;0,49714552;0,344867152;0,840590508;0,840162809;0,149018485;0,342498001;0,386052341;0,927663787;0,927199368
2005;WLL;0,27938327;0,27938327;0,097184582;0,613380723;0,613111878;0,188511393;0,652461714;0,128382159;0,821660323;0,82133709
2006;WLL;0,152721087;0,152721087;-0,166038528;0,089990304;0,089900407;0,060095941;0,331809179;-0,192111253;-0,021125295;-0,021176093
2007;WLL;0,212963151;0,212963151;0,045371133;0,038397428;0,038399584;-0,043973959;-0,022707137;0,024377964;0,006556764;0,006561662
2008;WLL;-0,544212997;-0,544212997;-0,033487024;-0,051007624;-0,051002141;-0,011277762;0,261986765;0,082324192;-0,086734499;-0,086683422
2009;WLL;0,758647209;0,758647209;-0,248532505;0,179975075;0,179865029;-0,036354251;0,211573014;-0,143368001;0,217733628;0,217634095
2010;WLL;0,494798645;0,494798645;0,209866554;0,208635412;0,208635666;-0,068462162;0,2128837;-0,012600484;0,127693234;0,127663275
2011;WLL;-0,92026654;-0,92026654;-0,042769013;0,129541019;0,129508417;-0,035259527;0,068193813;-0,063125118;0,157836127;0,15779669
2012;WLL;-0,073762051;-0,073762051;-0,272525179;-0,062158106;-0,062190999;-0,023571017;0,127309011;-0,239577528;0,011792377;0,011756927
2013;WLL;0,355267452;0,355267452;0,508585605;-0,557658;-0,557390481;0,041263296;0,155612817;0,213047453;0,14248064;0,14248971
2014;WLL;-0,628527848;-0,628527848;0,10856332;1,116118107;1,115859079;0,115787114;0,213965255;0,572647984;0,616585172;0,61657945
2015;WLL;-1,251551581;-1,251551581;0,007995127;-0,111339377;-0,111320494;0,308242603;0,342787711;0,302259664;-0,075746545;-0,075688026
2005;CXO;;;;;;;;;;
2006;CXO;;;1,191213174;1,282462121;1,282385822;1,027114877;1,343139375;1,399820479;1,52369458;1,523595077
2007;CXO;;;0,136551121;0,163859582;0,163838068;0,238218479;0,272622406;0,117414475;0,185598974;0,185549237
2008;CXO;0,10186095;0,10186095;0,32925864;0,524477173;0,524339343;0,215688778;0,419740084;0,303601653;0,480575629;0,480461292
2009;CXO;0,67680045;0,67680045;0,218088479;0,355465495;0,355383419;0,365296146;0,469785551;0,309457617;0,498298039;0,4981964
2010;CXO;0,669141971;0,669141971;0,620884479;0,550368059;0,550408781;0,325543457;0,317561095;0,477644466;0,397907056;0,397947646
2011;CXO;0,067051899;0,067051899;0,286677928;0,22045975;0,220500693;0,586230412;0,368952902;0,279972499;0,119652732;0,119744818
2012;CXO;-0,151629416;-0,151629416;0,186687728;0,111804769;0,111854454;0,215915149;0,145576907;0,158483301;0,137817273;0,137830254
2013;CXO;0,293128979;0,293128979;0,109494162;0,109279852;0,10928;0,119308101;0,225619871;0,118551396;0,116760402;0,116761539
2014;CXO;-0,079464171;-0,079464171;0,290383437;0,163683024;0,163776059;0,151554895;0,219786602;0,310868651;0,18634913;0,186433429
2015;CXO;-0,071574073;-0,071574073;-0,068741247;-0,038569033;-0,038592269;0,202944583;0,269421058;-0,042718032;-0,006944595;-0,006969896
2008;OAS;;;;;;;;;;
2009;OAS;;;1,228847146;0,869331995;0,869354056;0,974713026;0,551668726;1,489902224;1,187420702;1,187438714
2010;OAS;;;1,275248285;1,095868453;1,095882806;0,691612261;1,001882662;1,322405053;1,067057987;1,067078061
2011;OAS;0,070123009;0,070123009;1,094991381;0,707390312;0,707431692;0,517256514;0,733611968;1,094186312;0,579646232;0,579706166
2012;OAS;0,089071817;0,089071817;0,599760969;0,678935998;0,678926195;1,334133137;0,702349086;0,33912334;0,562471529;0,562441704
2013;OAS;0,39004281;0,39004281;0,723773059;0,533917225;0,5339421;0,586070018;0,390620302;1,323733883;1,109375478;1,10940397
2014;OAS;-1,04372741;-1,04372741;0,212704091;0,176146223;0,17615158;0,361188234;0,290305951;0,223808182;0,170039549;0,170047706
2015;OAS;-0,808363983;-0,808363983;0,057706432;0,000824224;0,000832958;0,269797911;0,078040487;-0,096715856;-0,241315387;-0,241291144
2006;WPX;;;;;;;;;;
2007;WPX;;;;;;;;;;
2008;WPX;;;;;;;;;;
2009;WPX;;;;;;;;;;
2010;WPX;;;;;;;;;;
2011;WPX;;;;;;0,023225083;0,491976898;-0,025256963;0,495830029;0,48928186
2012;WPX;-0,199753853;-0,199753853;-0,144434484;0,256854609;0,251853768;-0,039656151;0,328892998;-0,172262557;0,326916405;0,323134079
2013;WPX;0,314535998;0,314535998;0,042744741;0,267451177;0,265405666;-0,10013537;0,1916108;0,073798146;0,202711512;0,202003259
2014;WPX;-0,560966061;-0,560966061;-0,106697437;0,238034247;0,235661727;-0,266457911;0,149545693;-0,167418339;0,087233065;0,086074757
2015;WPX;-0,706128756;-0,706128756;-0,255803835;0,324404493;0,321860838;-0,125205229;0,3417436;-0,36327837;0,086986535;0,085536657
